Customer_ID,Customer_Name,Segment,Region
C001,Customer 01,Consumer,North
C002,Customer 02,Corporate,South
C003,Customer 03,Small Business,East
C004,Customer 04,Consumer,West
C005,Customer 05,Corporate,North
C006,Customer 06,Small Business,South
C007,Customer 07,Consumer,East
C008,Customer 08,Corporate,West
C009,Customer 09,Small Business,North
C010,Customer 10,Consumer,South
C011,Customer 11,Corporate,East
C012,Customer 12,Small Business,West
C013,Customer 13,Consumer,North
C014,Customer 14,Corporate,South
C015,Customer 15,Small Business,East
C016,Customer 16,Consumer,West
C017,Customer 17,Corporate,North
C018,Customer 18,Small Business,South
C019,Customer 19,Consumer,East
C020,Customer 20,Corporate,West
C021,Customer 21,Small Business,North
C022,Customer 22,Consumer,South
C023,Customer 23,Corporate,East
C024,Customer 24,Small Business,West
C025,Customer 25,Consumer,North
C026,Customer 26,Corporate,South
C027,Customer 27,Small Business,East
C028,Customer 28,Consumer,West
C029,Customer 29,Corporate,North
C030,Customer 30,Small Business,South
C031,Customer 31,Consumer,East
C032,Customer 32,Corporate,West
C033,Customer 33,Small Business,North
C034,Customer 34,Consumer,South
C035,Customer 35,Corporate,East
C036,Customer 36,Small Business,West
C037,Customer 37,Consumer,North
C038,Customer 38,Corporate,South
C039,Customer 39,Small Business,East
C040,Customer 40,Consumer,West
C041,Customer 41,Corporate,North
C042,Customer 42,Small Business,South
C043,Customer 43,Consumer,East
C044,Customer 44,Corporate,West
C045,Customer 45,Small Business,North
C046,Customer 46,Consumer,South
C047,Customer 47,Corporate,East
C048,Customer 48,Small Business,West
C049,Customer 49,Consumer,North
C050,Customer 50,Corporate,South
C051,Customer 51,Small Business,East
C052,Customer 52,Consumer,West
C053,Customer 53,Corporate,North
C054,Customer 54,Small Business,South
C055,Customer 55,Consumer,East
C056,Customer 56,Corporate,West
C057,Customer 57,Small Business,North
C058,Customer 58,Consumer,South
C059,Customer 59,Corporate,East
C060,Customer 60,Small Business,West
C061,Customer 61,Consumer,North
C062,Customer 62,Corporate,South
C063,Customer 63,Small Business,East
C064,Customer 64,Consumer,West
C065,Customer 65,Corporate,North
C066,Customer 66,Small Business,South
C067,Customer 67,Consumer,East
C068,Customer 68,Corporate,West
C069,Customer 69,Small Business,North
C070,Customer 70,Consumer,South
C071,Customer 71,Corporate,East
C072,Customer 72,Small Business,West
C073,Customer 73,Consumer,North
C074,Customer 74,Corporate,South
C075,Customer 75,Small Business,East
C076,Customer 76,Consumer,West
C077,Customer 77,Corporate,North
C078,Customer 78,Small Business,South
C079,Customer 79,Consumer,East
C080,Customer 80,Corporate,West
