Order_ID,Order_Date,Customer_ID,Product_ID,Quantity,Discount,Channel
O0001,2025-11-24,C015,P001,6,0,Online
O0002,2025-04-25,C018,P012,1,0.15,Partner
O0003,2025-10-07,C012,P010,4,0,Online
O0004,2025-02-17,C028,P004,5,0.1,Online
O0005,2025-10-15,C026,P012,6,0.15,Partner
O0006,2025-08-03,C029,P008,5,0,Online
O0007,2025-03-23,C055,P006,3,0,Online
O0008,2025-06-22,C014,P002,4,0,Retail
O0009,2025-06-26,C078,P005,1,0.15,Retail
O0010,2025-10-02,C016,P007,1,0.1,Retail
O0011,2025-11-18,C080,P006,5,0,Partner
O0012,2025-02-05,C006,P011,2,0,Online
O0013,2025-04-30,C013,P007,3,0.05,Partner
O0014,2025-07-06,C021,P006,3,0,Partner
O0015,2025-05-17,C010,P010,6,0,Partner
O0016,2025-05-06,C021,P008,4,0,Partner
O0017,2025-12-19,C072,P004,6,0,Online
O0018,2025-04-28,C005,P006,4,0,Online
O0019,2025-04-19,C073,P012,3,0,Partner
O0020,2025-09-13,C051,P011,4,0,Retail
O0021,2025-03-13,C032,P012,5,0.1,Retail
O0022,2025-10-27,C055,P010,4,0,Online
O0023,2025-03-12,C066,P008,1,0,Online
O0024,2025-03-20,C021,P011,4,0.1,Online
O0025,2025-07-17,C049,P010,4,0.1,Retail
O0026,2025-10-11,C002,P011,6,0,Partner
O0027,2025-10-02,C035,P011,3,0,Retail
O0028,2025-08-11,C021,P008,1,0.15,Partner
O0029,2025-05-15,C065,P003,5,0,Partner
O0030,2025-06-02,C065,P010,2,0,Retail
O0031,2025-03-24,C070,P009,1,0.1,Retail
O0032,2025-09-08,C003,P002,3,0,Online
O0033,2025-01-30,C031,P010,1,0,Partner
O0034,2025-09-06,C009,P009,2,0,Partner
O0035,2025-09-01,C071,P003,3,0.1,Partner
O0036,2025-08-05,C028,P009,6,0.15,Online
O0037,2025-06-09,C052,P011,6,0,Retail
O0038,2025-09-22,C058,P002,2,0,Online
O0039,2025-06-23,C003,P010,5,0,Partner
O0040,2025-04-23,C001,P002,6,0.15,Online
O0041,2025-04-28,C009,P001,3,0,Partner
O0042,2025-05-02,C036,P011,4,0,Partner
O0043,2025-03-09,C074,P010,4,0,Retail
O0044,2025-07-28,C025,P002,1,0.15,Retail
O0045,2025-07-01,C055,P007,4,0.15,Online
O0046,2025-12-11,C013,P001,4,0.15,Retail
O0047,2025-02-25,C032,P004,2,0.1,Retail
O0048,2025-03-13,C055,P003,3,0.05,Online
O0049,2025-02-08,C057,P009,1,0,Partner
O0050,2025-10-04,C002,P002,2,0,Retail
O0051,2025-09-06,C062,P004,4,0,Online
O0052,2025-07-14,C001,P007,3,0.05,Retail
O0053,2025-08-05,C072,P011,6,0.05,Online
O0054,2025-04-08,C038,P004,1,0.1,Partner
O0055,2025-10-05,C008,P012,3,0,Online
O0056,2025-10-27,C062,P009,5,0,Online
O0057,2025-09-18,C011,P003,1,0.1,Online
O0058,2025-12-12,C031,P007,1,0.1,Online
O0059,2025-10-24,C077,P001,5,0,Retail
O0060,2025-12-03,C075,P010,5,0,Retail
O0061,2025-04-15,C041,P004,3,0.05,Online
O0062,2025-12-10,C039,P008,3,0,Online
O0063,2025-08-23,C080,P010,1,0,Partner
O0064,2025-04-20,C065,P005,2,0,Online
O0065,2025-05-06,C048,P005,2,0.05,Partner
O0066,2025-12-27,C039,P010,6,0.1,Online
O0067,2025-12-08,C071,P005,6,0,Online
O0068,2025-05-16,C015,P002,6,0.1,Online
O0069,2025-05-20,C037,P010,2,0.15,Retail
O0070,2025-04-15,C034,P009,4,0,Online
O0071,2025-02-17,C055,P005,1,0,Retail
O0072,2025-03-08,C034,P003,6,0.05,Partner
O0073,2025-12-28,C055,P009,1,0,Online
O0074,2025-12-20,C020,P009,1,0,Partner
O0075,2025-10-10,C019,P007,2,0,Retail
O0076,2025-07-06,C006,P006,2,0.15,Online
O0077,2025-12-08,C014,P006,5,0.05,Partner
O0078,2025-03-21,C031,P003,2,0.05,Online
O0079,2025-04-02,C043,P007,6,0.15,Online
O0080,2025-05-17,C021,P012,1,0.05,Online
O0081,2025-08-29,C029,P004,4,0,Retail
O0082,2025-04-27,C029,P001,6,0,Retail
O0083,2025-06-18,C036,P002,3,0,Partner
O0084,2025-09-18,C052,P011,5,0,Online
O0085,2025-03-01,C034,P003,5,0,Online
O0086,2025-02-25,C077,P007,3,0.15,Retail
O0087,2025-08-12,C078,P009,1,0.05,Partner
O0088,2025-04-08,C033,P001,6,0.05,Online
O0089,2025-09-24,C069,P011,6,0.15,Partner
O0090,2025-12-10,C026,P006,4,0,Partner
O0091,2025-06-19,C080,P006,6,0,Partner
O0092,2025-06-03,C065,P005,6,0.05,Retail
O0093,2025-07-26,C038,P009,2,0,Retail
O0094,2025-12-07,C049,P011,6,0,Partner
O0095,2025-10-19,C039,P007,5,0,Retail
O0096,2025-05-27,C027,P007,5,0.1,Partner
O0097,2025-06-14,C060,P008,4,0.15,Online
O0098,2025-09-19,C061,P012,2,0.15,Online
O0099,2025-05-26,C066,P011,6,0.1,Retail
O0100,2025-02-17,C031,P011,3,0,Online
O0101,2025-03-17,C004,P001,2,0.05,Partner
O0102,2025-02-07,C059,P007,6,0.1,Online
O0103,2025-12-23,C050,P008,4,0,Online
O0104,2025-12-02,C001,P002,4,0,Online
O0105,2025-12-23,C067,P008,1,0.1,Online
O0106,2025-03-04,C059,P003,4,0.15,Partner
O0107,2025-10-14,C077,P006,4,0.1,Partner
O0108,2025-09-16,C055,P009,4,0,Partner
O0109,2025-09-01,C058,P005,2,0.15,Retail
O0110,2025-09-24,C063,P011,2,0,Retail
O0111,2025-02-09,C037,P004,3,0,Retail
O0112,2025-10-04,C011,P003,2,0,Retail
O0113,2025-12-22,C020,P012,2,0,Retail
O0114,2025-07-28,C043,P009,4,0.05,Online
O0115,2025-04-16,C054,P007,5,0.15,Online
O0116,2025-10-22,C049,P008,1,0,Retail
O0117,2025-07-19,C054,P009,6,0.15,Partner
O0118,2025-11-05,C029,P008,2,0,Retail
O0119,2025-09-06,C004,P007,3,0.15,Partner
O0120,2025-07-27,C022,P008,2,0.1,Partner
O0121,2025-01-14,C051,P010,5,0.15,Online
O0122,2025-02-12,C055,P003,4,0,Online
O0123,2025-05-14,C049,P006,2,0.05,Retail
O0124,2025-06-22,C049,P005,4,0,Online
O0125,2025-08-29,C003,P012,5,0,Retail
O0126,2025-04-25,C009,P011,1,0,Online
O0127,2025-04-13,C003,P010,2,0,Online
O0128,2025-08-31,C015,P010,2,0.05,Partner
O0129,2025-05-12,C048,P003,5,0.1,Partner
O0130,2025-02-28,C021,P005,1,0.1,Online
O0131,2025-06-09,C074,P011,4,0.05,Partner
O0132,2025-04-12,C010,P010,6,0.15,Online
O0133,2025-02-22,C039,P011,5,0,Partner
O0134,2025-01-22,C045,P009,4,0.15,Retail
O0135,2025-02-05,C065,P011,3,0,Retail
O0136,2025-09-08,C014,P007,3,0.15,Retail
O0137,2025-12-29,C020,P007,2,0.15,Partner
O0138,2025-11-30,C035,P010,5,0.05,Retail
O0139,2025-08-12,C076,P005,3,0,Online
O0140,2025-05-23,C058,P004,4,0.1,Partner
O0141,2025-12-09,C049,P006,1,0.05,Retail
O0142,2025-04-04,C063,P004,3,0,Retail
O0143,2025-05-24,C077,P012,3,0.1,Online
O0144,2025-09-22,C025,P002,2,0.15,Retail
O0145,2025-09-08,C072,P004,6,0.05,Partner
O0146,2025-12-31,C063,P008,1,0,Retail
O0147,2025-04-24,C052,P012,2,0,Partner
O0148,2025-10-25,C048,P008,5,0.1,Retail
O0149,2025-08-06,C071,P006,3,0.15,Retail
O0150,2025-05-19,C040,P005,2,0,Partner
O0151,2025-04-09,C041,P002,6,0.1,Partner
O0152,2025-04-05,C025,P004,6,0.05,Retail
O0153,2025-10-29,C068,P010,3,0,Online
O0154,2025-06-01,C030,P006,2,0,Online
O0155,2025-12-29,C069,P003,3,0,Online
O0156,2025-10-11,C038,P012,2,0.15,Retail
O0157,2025-02-22,C002,P010,3,0.05,Retail
O0158,2025-08-14,C044,P003,1,0,Retail
O0159,2025-02-28,C009,P007,4,0,Partner
O0160,2025-11-19,C007,P003,2,0.1,Retail
O0161,2025-02-13,C032,P002,5,0.05,Partner
O0162,2025-11-02,C080,P004,5,0.05,Retail
O0163,2025-08-15,C039,P010,4,0,Partner
O0164,2025-11-14,C008,P010,6,0,Online
O0165,2025-11-17,C028,P005,6,0,Online
O0166,2025-05-03,C023,P009,1,0,Online
O0167,2025-07-29,C058,P012,5,0.05,Retail
O0168,2025-01-17,C030,P005,6,0,Partner
O0169,2025-08-21,C010,P011,2,0,Partner
O0170,2025-10-29,C026,P007,1,0.1,Online
O0171,2025-11-28,C020,P005,2,0,Online
O0172,2025-03-26,C040,P010,6,0.1,Retail
O0173,2025-08-13,C016,P008,6,0,Partner
O0174,2025-07-26,C035,P009,5,0.05,Retail
O0175,2025-02-11,C077,P001,4,0.15,Retail
O0176,2025-11-06,C033,P001,1,0,Partner
O0177,2025-10-22,C076,P001,6,0,Partner
O0178,2025-01-21,C023,P008,5,0.15,Retail
O0179,2025-05-23,C024,P010,4,0.15,Retail
O0180,2025-02-16,C061,P006,4,0,Retail
O0181,2025-12-10,C014,P003,3,0.05,Partner
O0182,2025-09-11,C037,P011,4,0.1,Online
O0183,2025-08-21,C012,P006,3,0,Online
O0184,2025-07-26,C066,P001,6,0.1,Retail
O0185,2025-07-31,C007,P004,5,0,Partner
O0186,2025-09-13,C057,P001,2,0,Partner
O0187,2025-03-09,C037,P008,6,0.05,Online
O0188,2025-01-15,C078,P004,6,0,Retail
O0189,2025-10-10,C002,P009,4,0,Online
O0190,2025-02-28,C060,P002,6,0,Retail
O0191,2025-05-30,C066,P012,3,0.05,Retail
O0192,2025-08-30,C032,P008,5,0,Retail
O0193,2025-04-08,C077,P009,6,0,Online
O0194,2025-05-22,C054,P006,5,0,Online
O0195,2025-05-25,C039,P010,5,0.15,Retail
O0196,2025-03-18,C058,P009,4,0,Retail
O0197,2025-10-10,C070,P007,4,0,Online
O0198,2025-12-24,C031,P010,4,0,Retail
O0199,2025-01-23,C041,P012,4,0.15,Retail
O0200,2025-07-17,C020,P008,1,0,Partner
O0201,2025-10-30,C043,P002,4,0,Partner
O0202,2025-08-22,C002,P012,2,0.05,Partner
O0203,2025-03-21,C010,P008,3,0,Partner
O0204,2025-12-21,C051,P011,1,0,Partner
O0205,2025-10-01,C049,P006,6,0.15,Retail
O0206,2025-10-05,C005,P010,1,0,Partner
O0207,2025-12-17,C037,P004,6,0,Retail
O0208,2025-02-20,C013,P008,2,0.15,Retail
O0209,2025-01-15,C006,P006,1,0,Retail
O0210,2025-07-11,C056,P003,2,0.1,Retail
O0211,2025-10-17,C024,P003,2,0,Partner
O0212,2025-07-15,C080,P011,2,0.05,Partner
O0213,2025-03-15,C030,P008,6,0,Retail
O0214,2025-05-11,C002,P008,3,0.15,Partner
O0215,2025-03-22,C010,P008,3,0.1,Retail
O0216,2025-11-24,C055,P012,3,0.05,Retail
O0217,2025-04-12,C050,P008,1,0,Retail
O0218,2025-10-20,C046,P010,3,0.15,Retail
O0219,2025-01-12,C051,P005,1,0.1,Partner
O0220,2025-01-26,C078,P012,4,0,Online
O0221,2025-11-07,C046,P004,6,0,Partner
O0222,2025-05-09,C018,P011,1,0.15,Partner
O0223,2025-01-21,C040,P008,1,0.1,Retail
O0224,2025-03-09,C012,P005,3,0.15,Retail
O0225,2025-03-31,C026,P003,5,0,Partner
O0226,2025-09-14,C035,P003,3,0.05,Retail
O0227,2025-06-23,C015,P008,1,0,Online
O0228,2025-12-13,C051,P009,3,0,Retail
O0229,2025-01-08,C034,P009,1,0.05,Retail
O0230,2025-12-11,C034,P010,4,0.15,Retail
O0231,2025-02-25,C030,P008,1,0.1,Partner
O0232,2025-06-17,C079,P004,6,0,Partner
O0233,2025-08-26,C039,P011,4,0,Online
O0234,2025-01-24,C005,P005,4,0,Online
O0235,2025-05-01,C069,P003,4,0.05,Retail
O0236,2025-12-10,C070,P007,5,0.15,Partner
O0237,2025-03-21,C054,P011,1,0.05,Partner
O0238,2025-07-28,C036,P001,6,0,Online
O0239,2025-08-16,C057,P004,3,0,Partner
O0240,2025-07-08,C070,P011,3,0,Retail
O0241,2025-05-22,C025,P002,4,0,Partner
O0242,2025-04-19,C077,P001,1,0,Online
O0243,2025-03-06,C073,P004,1,0.1,Online
O0244,2025-10-28,C028,P004,3,0,Partner
O0245,2025-01-02,C036,P003,2,0.1,Retail
O0246,2025-03-31,C015,P011,1,0,Online
O0247,2025-07-03,C031,P010,3,0,Online
O0248,2025-05-16,C007,P003,6,0.05,Partner
O0249,2025-02-28,C009,P008,4,0,Partner
O0250,2025-10-31,C014,P008,5,0,Partner
O0251,2025-01-23,C067,P005,4,0.15,Online
O0252,2025-02-01,C062,P007,4,0.15,Online
O0253,2025-09-09,C057,P002,1,0,Partner
O0254,2025-03-17,C009,P003,3,0.1,Partner
O0255,2025-10-27,C071,P012,3,0.05,Partner
O0256,2025-09-29,C038,P008,5,0.1,Retail
O0257,2025-02-20,C015,P011,6,0.1,Partner
O0258,2025-04-21,C056,P008,2,0.05,Retail
O0259,2025-08-21,C052,P007,6,0,Retail
O0260,2025-08-07,C041,P011,3,0,Online
O0261,2025-12-18,C061,P002,1,0,Online
O0262,2025-08-10,C013,P012,6,0,Online
O0263,2025-10-12,C008,P010,5,0.1,Retail
O0264,2025-12-10,C016,P007,3,0.15,Retail
O0265,2025-01-27,C037,P010,3,0,Online
O0266,2025-10-23,C065,P004,2,0.15,Retail
O0267,2025-04-25,C014,P006,5,0,Online
O0268,2025-05-23,C074,P004,4,0.1,Partner
O0269,2025-11-11,C072,P001,5,0.15,Partner
O0270,2025-05-17,C004,P003,3,0.15,Retail
O0271,2025-06-23,C045,P001,2,0,Partner
O0272,2025-12-03,C052,P002,2,0.15,Partner
O0273,2025-01-16,C012,P012,5,0,Retail
O0274,2025-08-03,C059,P006,2,0,Retail
O0275,2025-06-16,C073,P010,1,0,Online
O0276,2025-03-22,C080,P001,6,0,Retail
O0277,2025-08-15,C055,P008,5,0.05,Retail
O0278,2025-05-20,C028,P009,1,0,Retail
O0279,2025-02-26,C037,P011,6,0.1,Retail
O0280,2025-09-27,C040,P001,2,0.05,Partner
O0281,2025-01-29,C001,P004,3,0,Online
O0282,2025-05-11,C038,P006,1,0,Retail
O0283,2025-08-09,C023,P003,4,0.1,Partner
O0284,2025-04-28,C065,P009,6,0,Online
O0285,2025-07-23,C006,P007,1,0.05,Online
O0286,2025-06-10,C074,P007,5,0.05,Partner
O0287,2025-11-24,C054,P005,1,0.05,Online
O0288,2025-06-16,C022,P010,4,0.15,Retail
O0289,2025-02-15,C056,P002,2,0.05,Partner
O0290,2025-07-25,C068,P002,4,0,Partner
O0291,2025-06-23,C029,P006,2,0,Partner
O0292,2025-11-21,C015,P009,5,0,Retail
O0293,2025-06-29,C019,P004,1,0,Retail
O0294,2025-04-12,C023,P010,2,0.15,Online
O0295,2025-04-01,C064,P008,5,0.1,Retail
O0296,2025-12-15,C073,P011,6,0.1,Retail
O0297,2025-11-18,C041,P003,4,0,Retail
O0298,2025-08-15,C039,P005,5,0,Retail
O0299,2025-09-17,C010,P005,4,0.05,Online
O0300,2025-01-30,C048,P005,1,0.15,Online
O0301,2025-11-11,C077,P009,4,0.05,Partner
O0302,2025-10-11,C006,P008,5,0.15,Online
O0303,2025-06-14,C078,P008,5,0,Online
O0304,2025-08-19,C014,P006,6,0,Partner
O0305,2025-11-27,C023,P001,2,0.15,Retail
O0306,2025-08-13,C068,P009,5,0,Retail
O0307,2025-07-10,C037,P007,4,0,Partner
O0308,2025-11-03,C007,P011,6,0,Online
O0309,2025-06-18,C013,P009,6,0.05,Retail
O0310,2025-05-10,C078,P003,3,0,Partner
O0311,2025-12-06,C019,P006,3,0.15,Partner
O0312,2025-12-06,C051,P003,5,0.15,Online
O0313,2025-06-08,C072,P007,6,0,Online
O0314,2025-12-10,C068,P002,6,0.15,Retail
O0315,2025-09-18,C047,P001,3,0,Online
O0316,2025-04-20,C044,P008,2,0,Online
O0317,2025-03-21,C010,P005,1,0.1,Partner
O0318,2025-09-27,C005,P011,3,0.1,Online
O0319,2025-11-02,C049,P003,2,0,Partner
O0320,2025-11-16,C022,P012,4,0,Retail
O0321,2025-07-06,C031,P008,5,0,Partner
O0322,2025-08-18,C030,P009,2,0,Retail
O0323,2025-04-10,C048,P011,5,0.05,Retail
O0324,2025-05-25,C049,P009,5,0.05,Online
O0325,2025-04-13,C078,P003,3,0,Partner
O0326,2025-09-04,C048,P009,1,0.15,Partner
O0327,2025-03-05,C037,P002,2,0,Retail
O0328,2025-09-20,C019,P007,1,0,Retail
O0329,2025-06-28,C004,P007,1,0.05,Partner
O0330,2025-07-11,C031,P007,1,0,Online
O0331,2025-01-15,C041,P002,6,0.15,Retail
O0332,2025-03-16,C018,P001,3,0.05,Partner
O0333,2025-03-13,C061,P008,5,0,Online
O0334,2025-01-10,C033,P004,2,0.1,Partner
O0335,2025-11-08,C068,P007,1,0,Online
O0336,2025-06-04,C016,P001,2,0.05,Partner
O0337,2025-11-15,C059,P002,1,0.05,Partner
O0338,2025-10-02,C003,P011,5,0.1,Online
O0339,2025-03-15,C038,P007,1,0.1,Retail
O0340,2025-05-04,C074,P007,2,0.15,Partner
O0341,2025-02-13,C068,P006,1,0.1,Partner
O0342,2025-09-17,C065,P009,1,0.05,Retail
O0343,2025-01-23,C050,P006,3,0.15,Online
O0344,2025-07-02,C009,P006,2,0.15,Partner
O0345,2025-11-18,C014,P010,6,0,Online
O0346,2025-01-23,C046,P009,3,0.15,Online
O0347,2025-12-17,C060,P012,4,0.15,Online
O0348,2025-03-11,C009,P012,4,0,Retail
O0349,2025-04-14,C006,P004,1,0,Retail
O0350,2025-09-21,C051,P009,4,0,Online
O0351,2025-11-28,C025,P005,3,0,Partner
O0352,2025-06-19,C035,P002,3,0.05,Retail
O0353,2025-08-14,C050,P006,2,0.05,Partner
O0354,2025-09-12,C048,P009,3,0,Partner
O0355,2025-08-06,C011,P007,5,0,Partner
O0356,2025-05-31,C042,P002,1,0,Partner
O0357,2025-06-01,C040,P008,5,0.15,Retail
O0358,2025-03-27,C057,P006,4,0,Partner
O0359,2025-06-30,C079,P007,3,0.15,Online
O0360,2025-02-08,C052,P006,5,0.15,Partner
O0361,2025-03-23,C004,P003,5,0.15,Retail
O0362,2025-01-18,C017,P002,2,0.15,Retail
O0363,2025-07-05,C050,P010,1,0.1,Online
O0364,2025-12-14,C058,P006,3,0.05,Online
O0365,2025-10-21,C018,P009,3,0.05,Retail
O0366,2025-11-29,C036,P004,1,0,Partner
O0367,2025-04-06,C064,P009,4,0.1,Online
O0368,2025-05-15,C034,P012,4,0,Partner
O0369,2025-05-27,C063,P004,1,0,Online
O0370,2025-08-20,C023,P012,4,0,Partner
O0371,2025-06-13,C045,P012,1,0.1,Partner
O0372,2025-05-29,C039,P003,6,0.15,Partner
O0373,2025-11-23,C023,P006,5,0,Online
O0374,2025-04-13,C018,P004,4,0,Retail
O0375,2025-10-11,C074,P006,4,0.1,Online
O0376,2025-11-10,C012,P002,3,0.05,Partner
O0377,2025-09-03,C068,P007,4,0.1,Online
O0378,2025-03-06,C041,P011,1,0.05,Retail
O0379,2025-12-15,C067,P006,2,0.1,Partner
O0380,2025-10-28,C024,P003,4,0.1,Online
O0381,2025-03-05,C067,P003,3,0,Online
O0382,2025-06-15,C029,P006,5,0,Online
O0383,2025-05-09,C026,P011,5,0,Online
O0384,2025-11-17,C039,P010,5,0,Partner
O0385,2025-11-25,C022,P010,5,0,Online
O0386,2025-12-04,C080,P012,5,0,Partner
O0387,2025-01-22,C004,P002,1,0.15,Partner
O0388,2025-05-16,C027,P010,4,0.1,Partner
O0389,2025-01-16,C064,P011,5,0,Partner
O0390,2025-06-04,C062,P004,6,0.05,Retail
O0391,2025-08-21,C010,P012,1,0,Retail
O0392,2025-08-01,C062,P008,2,0,Partner
O0393,2025-03-15,C041,P012,3,0.15,Retail
O0394,2025-07-24,C017,P006,5,0.1,Online
O0395,2025-06-13,C031,P008,1,0,Retail
O0396,2025-05-07,C019,P002,1,0,Retail
O0397,2025-11-12,C054,P004,2,0,Partner
O0398,2025-06-10,C025,P003,4,0.1,Retail
O0399,2025-09-13,C040,P008,1,0,Retail
O0400,2025-09-16,C059,P004,2,0.1,Retail
O0401,2025-01-25,C007,P005,4,0.1,Partner
O0402,2025-12-11,C061,P005,5,0,Online
O0403,2025-08-09,C018,P005,6,0,Retail
O0404,2025-07-07,C006,P007,1,0.1,Partner
O0405,2025-04-10,C047,P009,3,0,Retail
O0406,2025-09-16,C058,P009,3,0.1,Partner
O0407,2025-11-09,C016,P003,1,0.05,Retail
O0408,2025-06-23,C072,P006,2,0,Partner
O0409,2025-09-18,C052,P009,1,0,Online
O0410,2025-03-12,C043,P008,5,0.05,Online
O0411,2025-11-07,C066,P003,3,0.1,Retail
O0412,2025-03-25,C051,P010,6,0,Partner
O0413,2025-06-22,C065,P009,5,0.05,Partner
O0414,2025-10-16,C039,P008,1,0,Retail
O0415,2025-12-11,C015,P007,5,0,Partner
O0416,2025-12-19,C004,P010,4,0,Partner
O0417,2025-10-24,C074,P004,6,0,Partner
O0418,2025-09-03,C022,P009,6,0.15,Partner
O0419,2025-07-14,C019,P011,2,0,Partner
O0420,2025-12-25,C015,P004,1,0.05,Retail
O0421,2025-08-03,C020,P007,6,0,Retail
O0422,2025-09-14,C079,P008,6,0.15,Online
O0423,2025-12-28,C018,P009,2,0.1,Retail
O0424,2025-12-06,C062,P009,4,0,Online
O0425,2025-08-24,C069,P006,5,0,Partner
O0426,2025-12-15,C034,P010,4,0,Online
O0427,2025-05-23,C072,P005,2,0,Retail
O0428,2025-12-27,C027,P012,6,0.05,Retail
O0429,2025-09-03,C045,P009,6,0,Retail
O0430,2025-03-04,C074,P011,5,0.05,Retail
O0431,2025-06-26,C019,P005,1,0,Partner
O0432,2025-02-10,C045,P008,6,0,Partner
O0433,2025-09-03,C028,P004,5,0,Partner
O0434,2025-12-23,C035,P003,1,0.1,Partner
O0435,2025-10-28,C031,P004,1,0.15,Partner
O0436,2025-04-26,C030,P001,1,0.05,Retail
O0437,2025-08-30,C013,P011,2,0,Partner
O0438,2025-03-22,C053,P011,4,0.05,Partner
O0439,2025-04-13,C037,P006,3,0.15,Online
O0440,2025-02-15,C074,P004,5,0.15,Partner
O0441,2025-01-20,C023,P007,2,0,Retail
O0442,2025-09-11,C024,P012,3,0,Online
O0443,2025-06-02,C073,P010,1,0,Retail
O0444,2025-08-21,C070,P009,4,0,Partner
O0445,2025-08-28,C035,P004,1,0,Online
O0446,2025-08-23,C033,P012,2,0,Partner
O0447,2025-06-22,C038,P010,6,0,Online
O0448,2025-11-09,C052,P007,5,0,Online
O0449,2025-07-25,C013,P003,2,0.05,Retail
O0450,2025-05-08,C001,P005,4,0,Retail
O0451,2025-05-17,C043,P005,5,0.15,Partner
O0452,2025-01-06,C034,P011,3,0.15,Online
O0453,2025-02-01,C016,P008,3,0,Retail
O0454,2025-12-18,C065,P012,3,0.15,Online
O0455,2025-11-24,C038,P006,5,0,Online
O0456,2025-03-10,C062,P003,4,0.15,Partner
O0457,2025-07-11,C054,P012,5,0.05,Partner
O0458,2025-12-07,C028,P004,6,0.1,Online
O0459,2025-09-27,C058,P009,6,0,Online
O0460,2025-10-16,C015,P001,5,0.1,Online
O0461,2025-10-21,C069,P003,2,0,Partner
O0462,2025-08-15,C015,P011,2,0.15,Partner
O0463,2025-09-08,C012,P009,4,0,Retail
O0464,2025-03-09,C066,P007,4,0.1,Online
O0465,2025-10-14,C060,P011,3,0.15,Online
O0466,2025-07-22,C033,P001,6,0,Partner
O0467,2025-02-07,C006,P007,3,0.15,Online
O0468,2025-10-05,C008,P002,4,0,Retail
O0469,2025-07-29,C024,P003,6,0.15,Partner
O0470,2025-08-04,C048,P007,4,0.05,Retail
O0471,2025-02-11,C070,P003,6,0,Online
O0472,2025-04-02,C069,P007,5,0,Partner
O0473,2025-04-25,C001,P001,3,0.05,Partner
O0474,2025-10-06,C055,P009,4,0,Online
O0475,2025-08-24,C045,P003,3,0,Partner
O0476,2025-02-27,C005,P011,4,0.1,Online
O0477,2025-05-04,C027,P002,1,0.1,Online
O0478,2025-08-17,C077,P011,6,0,Online
O0479,2025-01-23,C052,P008,2,0.1,Online
O0480,2025-01-29,C018,P009,3,0,Partner
O0481,2025-10-22,C041,P010,5,0.15,Retail
O0482,2025-05-02,C039,P003,6,0.1,Online
O0483,2025-07-31,C039,P005,1,0.1,Partner
O0484,2025-03-31,C055,P009,4,0,Retail
O0485,2025-11-26,C049,P009,3,0.15,Retail
O0486,2025-07-29,C020,P005,4,0,Partner
O0487,2025-08-31,C031,P004,3,0.15,Online
O0488,2025-08-26,C008,P009,4,0.05,Partner
O0489,2025-09-29,C018,P007,2,0,Online
O0490,2025-06-19,C011,P008,3,0,Partner
O0491,2025-04-08,C007,P005,4,0.15,Partner
O0492,2025-11-05,C006,P002,2,0.1,Partner
O0493,2025-12-10,C072,P004,4,0,Retail
O0494,2025-06-05,C002,P004,2,0.15,Online
O0495,2025-09-03,C032,P012,5,0.15,Online
O0496,2025-07-23,C031,P009,3,0,Retail
O0497,2025-08-27,C069,P011,3,0,Retail
O0498,2025-07-04,C066,P008,4,0,Partner
O0499,2025-08-29,C041,P004,3,0,Retail
O0500,2025-01-24,C073,P004,6,0,Online
